review,sentiment
"This product is fantastic, I love it!",positive
"Terrible quality, broke after one use.",negative
"Absolutely wonderful experience, highly recommend!",positive
"Not worth the money, very disappointed.",negative
"The food was delicious and service was great!",positive
"Customer service was rude and unhelpful.",negative
"Best purchase I've made in a long time!",positive
"This was a waste of money, do not buy!",negative
"Superb quality and fast delivery!",positive
"Arrived damaged, horrible experience.",negative
"Exceeded my expectations, very happy!",positive
"Disgusting taste, I couldn't even finish it.",negative
"Works like a charm, very useful product.",positive
"I regret buying this, total scam.",negative
"The staff was incredibly friendly and helpful.",positive
"Completely unreliable, stopped working in a week.",negative
"Amazing performance and very easy to use.",positive
"The worst decision I’ve ever made.",negative
"I use it every day and love it!",positive
"False advertising, not as described.",negative
"The battery lasts so long, very impressive!",positive
"Cheaply made, fell apart in a day.",negative
"Great customer support, helped me a lot.",positive
"Disappointing experience, will never buy again.",negative
"Very comfortable and stylish!",positive
"Terrible service, waited forever for help.",negative
"Perfect for what I needed, excellent!",positive
"Item was defective on arrival.",negative
"Highly recommend this, great value!",positive
"The colors faded after washing once.",negative
"Awesome experience, everything was perfect!",positive
"Refund process was a nightmare.",negative
"Flawless design, love every detail!",positive
"Product smelled awful, couldn't use it.",negative
"The best investment I've made this year!",positive
"Completely useless, waste of money.",negative
"Extremely satisfied, works better than expected!",positive
"Package arrived late and damaged.",negative
"The sound quality is phenomenal!",positive
"The software keeps crashing, frustrating.",negative
"My kids love this, very entertaining!",positive
"False reviews, product does not match description.",negative
"Such a game-changer, I’m amazed!",positive
"Customer service ignored my emails.",negative
"The material feels premium and durable.",positive
"Item never arrived, worst experience.",negative
"Super soft and very comfortable!",positive
"Looks nothing like the pictures online.",negative
"Amazing quality for the price!",positive
"Fell apart within a week.",negative
"Very happy with this purchase!",positive
"Misleading product information, very upset.",negative
"The app runs so smoothly, no issues.",positive
"Poor craftsmanship, completely unreliable.",negative
"I can’t recommend this enough!",positive
"Broke after two days of use.",negative
"Feels luxurious, worth every penny!",positive
"Doesn't do what it claims, false marketing.",negative
"Extremely comfortable, perfect fit!",positive
"Shipping took forever, very frustrating.",negative
"Super easy to set up, love it!",positive
"Unbearably slow and laggy.",negative
"Perfect gift, they loved it!",positive
"The sizing was completely wrong.",negative
"Great durability, lasted me years!",positive
"Had a strange smell, unpleasant.",negative
"Very stylish and modern!",positive
"Does not work as advertised.",negative
"Exactly what I was looking for!",positive
"The buttons stopped working quickly.",negative
"Very impressed with the build quality!",positive
"The instructions were unclear and useless.",negative
"Top-notch performance, exceeded my expectations!",positive
"Caused skin irritation, had to stop using it.",negative
"The best customer service experience!",positive
"Arrived missing parts, had to return.",negative
"Outstanding clarity and visuals!",positive
"App is buggy and unusable.",negative
"Such a reliable and handy tool!",positive
"Feels cheap and flimsy.",negative
"The packaging was beautiful and secure!",positive
"The motor is too weak, can't handle tasks.",negative
"Absolutely love how it works!",positive
"Barely functions, a complete ripoff.",negative
"Really happy with my choice!",positive
"Would not recommend to anyone.",negative
"Perfect for beginners, very user-friendly!",positive
"Shipping was a disaster, took months.",negative
"The grip is excellent, very comfortable!",positive
"The seams started coming apart.",negative
"Fast and efficient, super pleased!",positive
"Not worth the hype at all.",negative
"Very smooth operation, easy to use!",positive
"Glitchy and unreliable, had to replace.",negative
"High quality and very durable!",positive
"The item broke in half immediately.",negative
"Super responsive and great battery life!",positive
"Terrible after-sales support.",negative
"Works great for my needs!",positive
"Useless manual, hard to understand.",negative
"Amazing speed and performance!",positive
"The zipper broke right away.",negative
